name,link_player_page,slug,player_id,team,tournament_name_new
Dušan Vlahović,https://fbref.com/en/players/79443529/Dusan-Vlahovic,dusan-vlahovic,79443529,Juventus,Serie A
Lautaro Martínez,https://fbref.com/en/players/f7036e1c/Lautaro-Martinez,lautaro-martinez,f7036e1c,Inter,Serie A
Paulo Dybala,https://fbref.com/en/players/e0921a4f/Paulo-Dybala,paulo-dybala,e0921a4f,Roma,Serie A
Nicolò Barella,https://fbref.com/en/players/6928979a/Nicolo-Barella,nicolo-barella,6928979a,Inter,Serie A
Kevin De Bruyne,https://fbref.com/en/players/e46012d4/Kevin-De-Bruyne,kevin-de-bruyne,e46012d4,Napoli,Serie A
Hakan Çalhanoğlu,https://fbref.com/en/players/cd0fa27b/Hakan-Calhanoglu,hakan-calhanoglu,cd0fa27b,Inter,Serie A
Jonathan David,https://fbref.com/en/players/ce50fd99/Jonathan-David,jonathan-david,ce50fd99,Juventus,Serie A
Alessandro Bastoni,https://fbref.com/en/players/75b86fb3/Alessandro-Bastoni,alessandro-bastoni,75b86fb3,Inter,Serie A
Gleison Bremer,https://fbref.com/en/players/5fd5ed86/Gleison-Bremer,gleison-bremer,5fd5ed86,Juventus,Serie A
Álvaro Morata,https://fbref.com/en/players/129af0db/Alvaro-Morata,alvaro-morata,129af0db,Como,Serie A
Piotr Zieliński,https://fbref.com/en/players/a5296e55/Piotr-Zielinski,piotr-zielinski,a5296e55,Inter,Serie A
Romelu Lukaku,https://fbref.com/en/players/5eae500a/Romelu-Lukaku,romelu-lukaku,5eae500a,Napoli,Serie A
Marcus Thuram,https://fbref.com/en/players/6f8cd6d0/Marcus-Thuram,marcus-thuram,6f8cd6d0,Inter,Serie A
Federico Dimarco,https://fbref.com/en/players/970b8574/Federico-Dimarco,federico-dimarco,970b8574,Inter,Serie A
Stefan de Vrij,https://fbref.com/en/players/d0d8dd44/Stefan-de-Vrij,stefan-de-vrij,d0d8dd44,Inter,Serie A
Ismaël Bennacer,https://fbref.com/en/players/db092d3b/Ismael-Bennacer,ismael-bennacer,db092d3b,Milan,Serie A
Maxence Caqueret,https://fbref.com/en/players/f81ef10d/Maxence-Caqueret,maxence-caqueret,f81ef10d,Como,Serie A
Gianluca Mancini,https://fbref.com/en/players/5aa53281/Gianluca-Mancini,gianluca-mancini,5aa53281,Roma,Serie A
Leon Bailey,https://fbref.com/en/players/3a233281/Leon-Bailey,leon-bailey,3a233281,Roma,Serie A
Lorenzo Pellegrini,https://fbref.com/en/players/4a5a45c7/Lorenzo-Pellegrini,lorenzo-pellegrini,4a5a45c7,Roma,Serie A
Mario Hermoso,https://fbref.com/en/players/555f3a0b/Mario-Hermoso,mario-hermoso,555f3a0b,Roma,Serie A
Luka Modrić,https://fbref.com/en/players/6025fab1/Luka-Modric,luka-modric,6025fab1,Milan,Serie A
Benjamin Pavard,https://fbref.com/en/players/45a03961/Benjamin-Pavard,benjamin-pavard,45a03961,Inter,Serie A
Rafael Leão,https://fbref.com/en/players/20730eae/Rafael-Leao,rafael-leao,20730eae,Milan,Serie A
Arthur Melo,https://fbref.com/en/players/48b3dd60/Arthur-Melo,arthur-melo,48b3dd60,Juventus,Serie A
Manuel Locatelli,https://fbref.com/en/players/a8a874f1/Manuel-Locatelli,manuel-locatelli,a8a874f1,Juventus,Serie A
Gianluca Scamacca,https://fbref.com/en/players/8790f988/Gianluca-Scamacca,gianluca-scamacca,8790f988,Atalanta,Serie A
Matteo Politano,https://fbref.com/en/players/5e861944/Matteo-Politano,matteo-politano,5e861944,Napoli,Serie A
Teun Koopmeiners,https://fbref.com/en/players/a26fb8aa/Teun-Koopmeiners,teun-koopmeiners,a26fb8aa,Juventus,Serie A
Federico Gatti,https://fbref.com/en/players/18dd3219/Federico-Gatti,federico-gatti,18dd3219,Juventus,Serie A
Dele Alli,https://fbref.com/en/players/cea4ee8f/Dele-Alli,dele-alli,cea4ee8f,Como,Serie A
David de Gea,https://fbref.com/en/players/7ba6d84e/David-de-Gea,david-de-gea,7ba6d84e,Fiorentina,Serie A
Alessio Romagnoli,https://fbref.com/en/players/3ead85f9/Alessio-Romagnoli,alessio-romagnoli,3ead85f9,Lazio,Serie A
Mattia Zaccagni,https://fbref.com/en/players/d85c238b/Mattia-Zaccagni,mattia-zaccagni,d85c238b,Lazio,Serie A
Artem Dovbyk,https://fbref.com/en/players/5b847bb0/Artem-Dovbyk,artem-dovbyk,5b847bb0,Roma,Serie A
David Neres,https://fbref.com/en/players/4f1e6a0b/David-Neres,david-neres,4f1e6a0b,Napoli,Serie A
Giovanni Di Lorenzo,https://fbref.com/en/players/230a2fac/Giovanni-Di-Lorenzo,giovanni-di-lorenzo,230a2fac,Napoli,Serie A
Scott McTominay,https://fbref.com/en/players/d93c2511/Scott-McTominay,scott-mctominay,d93c2511,Napoli,Serie A
Mehdi Taremi,https://fbref.com/en/players/4c2a5d34/Mehdi-Taremi,mehdi-taremi,4c2a5d34,Inter,Serie A
Youssouf Fofana,https://fbref.com/en/players/822d51d7/Youssouf-Fofana,youssouf-fofana,822d51d7,Milan,Serie A
Domenico Berardi,https://fbref.com/en/players/53a0e358/Domenico-Berardi,domenico-berardi,53a0e358,Sassuolo,Serie A
Elseid Hysaj,https://fbref.com/en/players/2f3452eb/Elseid-Hysaj,elseid-hysaj,2f3452eb,Lazio,Serie A
Bryan Cristante,https://fbref.com/en/players/16657b95/Bryan-Cristante,bryan-cristante,16657b95,Roma,Serie A
Manu Koné,https://fbref.com/en/players/86574238/Manu-Kone,manu-kone,86574238,Roma,Serie A
Davide Frattesi,https://fbref.com/en/players/2a7d27c1/Davide-Frattesi,davide-frattesi,2a7d27c1,Inter,Serie A
Obite N'Dicka,https://fbref.com/en/players/441197b8/Obite-NDicka,obite-ndicka,441197b8,Roma,Serie A
Denzel Dumfries,https://fbref.com/en/players/481c9ece/Denzel-Dumfries,denzel-dumfries,481c9ece,Inter,Serie A
Christian Pulisic,https://fbref.com/en/players/1bf33a9a/Christian-Pulisic,christian-pulisic,1bf33a9a,Milan,Serie A
Ruben Loftus-Cheek,https://fbref.com/en/players/e97fd090/Ruben-Loftus-Cheek,ruben-loftus-cheek,e97fd090,Milan,Serie A
Samuel Chukwueze,https://fbref.com/en/players/b8a642fc/Samuel-Chukwueze,samuel-chukwueze,b8a642fc,Milan,Serie A
Duván Zapata,https://fbref.com/en/players/d3de9af0/Duvan-Zapata,duvan-zapata,d3de9af0,Torino,Serie A
Henrikh Mkhitaryan,https://fbref.com/en/players/dd0daf32/Henrikh-Mkhitaryan,henrikh-mkhitaryan,dd0daf32,Inter,Serie A
Ben Godfrey,https://fbref.com/en/players/9f7c837d/Ben-Godfrey,ben-godfrey,9f7c837d,Atalanta,Serie A
Stephan El Shaarawy,https://fbref.com/en/players/d3aaad90/Stephan-El-Shaarawy,stephan-el-shaarawy,d3aaad90,Roma,Serie A
Alessandro Buongiorno,https://fbref.com/en/players/4ae67f27/Alessandro-Buongiorno,alessandro-buongiorno,4ae67f27,Napoli,Serie A
Alex Meret,https://fbref.com/en/players/9413b19f/Alex-Meret,alex-meret,9413b19f,Napoli,Serie A
Noa Lang,https://fbref.com/en/players/8e034340/Noa-Lang,noa-lang,8e034340,Napoli,Serie A
Luis Henrique,https://fbref.com/en/players/f36d5624/Luis-Henrique,luis-henrique,f36d5624,Inter,Serie A
Pervis Estupiñán,https://fbref.com/en/players/d38fdf53/Pervis-Estupinan,pervis-estupinan,d38fdf53,Milan,Serie A
Samuele Ricci,https://fbref.com/en/players/9823be92/Samuele-Ricci,samuele-ricci,9823be92,Milan,Serie A
Santiago Giménez,https://fbref.com/en/players/37337aea/Santiago-Gimenez,santiago-gimenez,37337aea,Milan,Serie A
Francisco Conceição,https://fbref.com/en/players/5ef3d210/Francisco-Conceicao,francisco-conceicao,5ef3d210,Juventus,Serie A
Nicolás González,https://fbref.com/en/players/2374aaca/Nicolas-Gonzalez,nicolas-gonzalez,2374aaca,Juventus,Serie A
Fikayo Tomori,https://fbref.com/en/players/7edfbb8a/Fikayo-Tomori,fikayo-tomori,7edfbb8a,Milan,Serie A
Andrea Cambiaso,https://fbref.com/en/players/247ed022/Andrea-Cambiaso,andrea-cambiaso,247ed022,Juventus,Serie A
Lloyd Kelly,https://fbref.com/en/players/f31def1e/Lloyd-Kelly,lloyd-kelly,f31def1e,Juventus,Serie A
Andrea Pinamonti,https://fbref.com/en/players/08aa9cd1/Andrea-Pinamonti,andrea-pinamonti,08aa9cd1,Sassuolo,Serie A
Mile Svilar,https://fbref.com/en/players/bcf5058a/Mile-Svilar,mile-svilar,bcf5058a,Roma,Serie A
Miguel Gutiérrez,https://fbref.com/en/players/7e98cff1/Miguel-Gutierrez,miguel-gutierrez,7e98cff1,Napoli,Serie A
Nuno Tavares,https://fbref.com/en/players/a65c844b/Nuno-Tavares,nuno-tavares,a65c844b,Lazio,Serie A
Samuel Gigot,https://fbref.com/en/players/41eebdf5/Samuel-Gigot,samuel-gigot,41eebdf5,Lazio,Serie A
Ciro Immobile,https://fbref.com/en/players/4431aed2/Ciro-Immobile,ciro-immobile,4431aed2,Bologna,Serie A
Riccardo Orsolini,https://fbref.com/en/players/e14ec482/Riccardo-Orsolini,riccardo-orsolini,e14ec482,Bologna,Serie A
Robin Gosens,https://fbref.com/en/players/2d970560/Robin-Gosens,robin-gosens,2d970560,Fiorentina,Serie A
Ivan Provedel,https://fbref.com/en/players/277da414/Ivan-Provedel,ivan-provedel,277da414,Lazio,Serie A
Matías Vecino,https://fbref.com/en/players/44ac04e9/Matias-Vecino,matias-vecino,44ac04e9,Lazio,Serie A
Nicolò Rovella,https://fbref.com/en/players/e58cbfd5/Nicolo-Rovella,nicolo-rovella,e58cbfd5,Lazio,Serie A
Mario Pašalić,https://fbref.com/en/players/e599253a/Mario-Pasalic,mario-pasalic,e599253a,Atalanta,Serie A
Angeliño,https://fbref.com/en/players/30941e96/Angelino,angelino,30941e96,Roma,Serie A
Wesley,https://fbref.com/en/players/f2c49c79/Wesley,wesley,f2c49c79,Roma,Serie A
Lorenzo Lucca,https://fbref.com/en/players/83c06f3a/Lorenzo-Lucca,lorenzo-lucca,83c06f3a,Napoli,Serie A
Andy Diouf,https://fbref.com/en/players/9b5237b1/Andy-Diouf,andy-diouf,9b5237b1,Inter,Serie A
Ange-Yoan Bonny,https://fbref.com/en/players/64629ba4/Ange-Yoan-Bonny,ange-yoan-bonny,64629ba4,Inter,Serie A
Daniele Rugani,https://fbref.com/en/players/14b8fcdf/Daniele-Rugani,daniele-rugani,14b8fcdf,Juventus,Serie A
Khéphren Thuram,https://fbref.com/en/players/7d9397f8/Khephren-Thuram,khephren-thuram,7d9397f8,Juventus,Serie A
Michele Di Gregorio,https://fbref.com/en/players/4e0c8d66/Michele-Di-Gregorio,michele-di-gregorio,4e0c8d66,Juventus,Serie A
Tiago Djaló,https://fbref.com/en/players/b2336681/Tiago-Djalo,tiago-djalo,b2336681,Juventus,Serie A
Aster Vranckx,https://fbref.com/en/players/f86cd5df/Aster-Vranckx,aster-vranckx,f86cd5df,Sassuolo,Serie A
Stanislav Lobotka,https://fbref.com/en/players/e1cbb531/Stanislav-Lobotka,stanislav-lobotka,e1cbb531,Napoli,Serie A
Mike Maignan,https://fbref.com/en/players/fcb38f57/Mike-Maignan,mike-maignan,fcb38f57,Milan,Serie A
Andre-Frank Zambo Anguissa,https://fbref.com/en/players/6bb2c084/Andre-Frank-Zambo-Anguissa,andre-frank-zambo-anguissa,6bb2c084,Napoli,Serie A
Che Adams,https://fbref.com/en/players/f2bf1b0f/Che-Adams,che-adams,f2bf1b0f,Torino,Serie A
Federico Bernardeschi,https://fbref.com/en/players/ee93c1a9/Federico-Bernardeschi,federico-bernardeschi,ee93c1a9,Bologna,Serie A
Edin Džeko,https://fbref.com/en/players/3bb7f478/Edin-Dzeko,edin-dzeko,3bb7f478,Fiorentina,Serie A
Nicolò Fagioli,https://fbref.com/en/players/366be751/Nicolo-Fagioli,nicolo-fagioli,366be751,Fiorentina,Serie A
Adam Marušić,https://fbref.com/en/players/d4535821/Adam-Marusic,adam-marusic,d4535821,Lazio,Serie A
Raoul Bellanova,https://fbref.com/en/players/e3756e72/Raoul-Bellanova,raoul-bellanova,e3756e72,Atalanta,Serie A
Evan Ferguson,https://fbref.com/en/players/4596da74/Evan-Ferguson,evan-ferguson,4596da74,Roma,Serie A
Billy Gilmour,https://fbref.com/en/players/df10e27c/Billy-Gilmour,billy-gilmour,df10e27c,Napoli,Serie A
Leonardo Spinazzola,https://fbref.com/en/players/3626daea/Leonardo-Spinazzola,leonardo-spinazzola,3626daea,Napoli,Serie A
Matteo Gabbia,https://fbref.com/en/players/c235e803/Matteo-Gabbia,matteo-gabbia,c235e803,Milan,Serie A
Kristjan Asllani,https://fbref.com/en/players/0fdcef0e/Kristjan-Asllani,kristjan-asllani,0fdcef0e,Torino,Serie A
Charles De Ketelaere,https://fbref.com/en/players/2ef7c612/Charles-De-Ketelaere,charles-de-ketelaere,2ef7c612,Atalanta,Serie A
Amir Rrahmani,https://fbref.com/en/players/4b3e1a38/Amir-Rrahmani,amir-rrahmani,4b3e1a38,Napoli,Serie A
Sam Beukema,https://fbref.com/en/players/de13cee5/Sam-Beukema,sam-beukema,de13cee5,Napoli,Serie A
Matteo Darmian,https://fbref.com/en/players/96e0490d/Matteo-Darmian,matteo-darmian,96e0490d,Inter,Serie A
Yann Sommer,https://fbref.com/en/players/420c18a1/Yann-Sommer,yann-sommer,420c18a1,Inter,Serie A
Filip Kostić,https://fbref.com/en/players/b1cd37e6/Filip-Kostic,filip-kostic,b1cd37e6,Juventus,Serie A
Weston McKennie,https://fbref.com/en/players/01c3aff5/Weston-McKennie,weston-mckennie,01c3aff5,Juventus,Serie A
Giovanni Simeone,https://fbref.com/en/players/343c0d52/Giovanni-Simeone,giovanni-simeone,343c0d52,Torino,Serie A
Guillermo Maripán,https://fbref.com/en/players/d9764034/Guillermo-Maripan,guillermo-maripan,d9764034,Torino,Serie A
Christian Kouamé,https://fbref.com/en/players/58e933d2/Christian-Kouame,christian-kouame,58e933d2,Fiorentina,Serie A
Manuel Lazzari,https://fbref.com/en/players/02caf6e0/Manuel-Lazzari,manuel-lazzari,02caf6e0,Lazio,Serie A
Vanja Milinković-Savić,https://fbref.com/en/players/9fa26bc2/Vanja-Milinkovic-Savic,vanja-milinkovic-savic,9fa26bc2,Napoli,Serie A
Strahinja Pavlović,https://fbref.com/en/players/25146df0/Strahinja-Pavlovic,strahinja-pavlovic,25146df0,Milan,Serie A
Pierre Kalulu,https://fbref.com/en/players/85f7d1be/Pierre-Kalulu,pierre-kalulu,85f7d1be,Juventus,Serie A
Thijs Dallinga,https://fbref.com/en/players/b70afb45/Thijs-Dallinga,thijs-dallinga,b70afb45,Bologna,Serie A
Rolando Mandragora,https://fbref.com/en/players/c7259b83/Rolando-Mandragora,rolando-mandragora,c7259b83,Fiorentina,Serie A
Nicola Zalewski,https://fbref.com/en/players/45191c29/Nicola-Zalewski,nicola-zalewski,45191c29,Atalanta,Serie A
Antonio Sanabria,https://fbref.com/en/players/0a447501/Antonio-Sanabria,antonio-sanabria,0a447501,Cremonese,Serie A
Kenan Yıldız,,kenan-yldz,,Juventus,Serie A
Jesper Lindstrøm,https://fbref.com/en/players/37dc1a48/Jesper-Lindstrom,jesper-lindstrm,37dc1a48,Napoli,Serie A
Albert Guðmundsson,https://fbref.com/en/players/b79858d5/Albert-Gudmundsson,albert-gumundsson,b79858d5,Fiorentina,Serie A
Moise Kean,https://fbref.com/en/players/3d50bcdb/Moise-Kean,moise-kean,3d50bcdb,Fiorentina,Serie A
Pedro,https://fbref.com/en/players/3ca7254a/Pedro,pedro,3ca7254a,Lazio,Serie A
Mitchel Bakker,https://fbref.com/en/players/a8567629/Mitchel-Bakker,mitchel-bakker,a8567629,Atalanta,Serie A
Carlos Augusto,https://fbref.com/en/players/8d3cd59d/Carlos-Augusto,carlos-augusto,8d3cd59d,Inter,Serie A
Alexis Sánchez,https://fbref.com/en/players/2c0f8e9e/Alexis-Sanchez,alexis-sanchez,2c0f8e9e,Udinese,Serie A
Cesare Casadei,,cesare-casadei,,Torino,Serie A
Jonathan Rowe,,jonathan-rowe,,Bologna,Serie A
Andrea Belotti,https://fbref.com/en/players/d705ba44/Andrea-Belotti,andrea-belotti,d705ba44,Como,Serie A
Antonín Barák,https://fbref.com/en/players/01efac19/Antonin-Barak,antonin-barak,01efac19,Fiorentina,Serie A
Fabiano Parisi,https://fbref.com/en/players/0967845b/Fabiano-Parisi,fabiano-parisi,0967845b,Fiorentina,Serie A
Danilo Cataldi,https://fbref.com/en/players/ba3d3bea/Danilo-Cataldi,danilo-cataldi,ba3d3bea,Lazio,Serie A
Neil El Aynaoui,https://fbref.com/en/players/17e1261b/Neil-El-Aynaoui,neil-el-aynaoui,17e1261b,Roma,Serie A
Francesco Acerbi,https://fbref.com/en/players/b96b595c/Francesco-Acerbi,francesco-acerbi,b96b595c,Inter,Serie A
Josep Martinez,https://fbref.com/en/players/11d8aff0/Josep-Martinez,josep-martinez,11d8aff0,Inter,Serie A
Petar Sučić,,petar-sucic,,Inter,Serie A
Tajon Buchanan,https://fbref.com/en/players/3aca6420/Tajon-Buchanan,tajon-buchanan,3aca6420,Inter,Serie A
Valentín Carboni,,valentin-carboni,,Inter,Serie A
Mattia Perin,https://fbref.com/en/players/4c62d0c8/Mattia-Perin,mattia-perin,4c62d0c8,Juventus,Serie A
Nicolò Savona,,nicolo-savona,,Juventus,Serie A
Hernani,https://fbref.com/en/players/6f5ead86/Hernani,hernani,6f5ead86,Parma,Serie A
Marin Pongračić,https://fbref.com/en/players/2a6cd437/Marin-Pongracic,marin-pongracic,2a6cd437,Fiorentina,Serie A
Luca Mazzitelli,https://fbref.com/en/players/dc61b402/Luca-Mazzitelli,luca-mazzitelli,dc61b402,Cagliari,Serie A
Nikola Vlašić,https://fbref.com/en/players/aa8e289e/Nikola-Vlasic,nikola-vlasic,aa8e289e,Torino,Serie A
Boulaye Dia,https://fbref.com/en/players/244bc2c8/Boulaye-Dia,boulaye-dia,244bc2c8,Lazio,Serie A
Éderson,https://fbref.com/en/players/a9202def/Ederson,ederson,a9202def,Atalanta,Serie A
Sead Kolašinac,https://fbref.com/en/players/3935e52e/Sead-Kolasinac,sead-kolasinac,3935e52e,Atalanta,Serie A
Zeki Çelik,https://fbref.com/en/players/31a62dc7/Zeki-Celik,zeki-celik,31a62dc7,Roma,Serie A
Mathías Olivera,https://fbref.com/en/players/41c12f75/Mathias-Olivera,mathias-olivera,41c12f75,Napoli,Serie A
Yunus Musah,https://fbref.com/en/players/b51b1b9c/Yunus-Musah,yunus-musah,b51b1b9c,Milan,Serie A
Timothy Weah,https://fbref.com/en/players/8eec784d/Timothy-Weah,timothy-weah,8eec784d,Juventus,Serie A
Fisayo Dele-Bashiru,https://fbref.com/en/players/121a4fb8/Fisayo-Dele-Bashiru,fisayo-dele-bashiru,121a4fb8,Lazio,Serie A
Luca Pellegrini,https://fbref.com/en/players/3b61c9ec/Luca-Pellegrini,luca-pellegrini,3b61c9ec,Lazio,Serie A
Tijjani Noslin,https://fbref.com/en/players/2f067cf2/Tijjani-Noslin,tijjani-noslin,2f067cf2,Lazio,Serie A
Florian Thauvin,https://fbref.com/en/players/2b9fdeea/Florian-Thauvin,florian-thauvin,2b9fdeea,Udinese,Serie A
Lucas Beltrán,,lucas-beltran,,Fiorentina,Serie A
Valentín Castellanos,https://fbref.com/en/players/da76bab4/Valentin-Castellanos,valentin-castellanos,da76bab4,Lazio,Serie A
Ademola Lookman,https://fbref.com/en/players/7c104bb7/Ademola-Lookman,ademola-lookman,7c104bb7,Atalanta,Serie A
Arkadiusz Milik,https://fbref.com/en/players/85613cf0/Arkadiusz-Milik,arkadiusz-milik,85613cf0,Juventus,Serie A
Juan Miranda,https://fbref.com/en/players/ead61f73/Juan-Miranda,juan-miranda,ead61f73,Bologna,Serie A
Sergi Roberto,https://fbref.com/en/players/335fa267/Sergi-Roberto,sergi-roberto,335fa267,Como,Serie A
Amir Richardson,https://fbref.com/en/players/2b7cdb79/Amir-Richardson,amir-richardson,2b7cdb79,Fiorentina,Serie A
Jacopo Fazzini,,jacopo-fazzini,,Fiorentina,Serie A
Luca Ranieri,https://fbref.com/en/players/8c63fae5/Luca-Ranieri,luca-ranieri,8c63fae5,Fiorentina,Serie A
Mohamed Fares,https://fbref.com/en/players/b7a5bc86/Mohamed-Fares,mohamed-fares,b7a5bc86,Lazio,Serie A
Patric,https://fbref.com/en/players/f7223718/Patric,patric,f7223718,Lazio,Serie A
Michael Folorunsho,https://fbref.com/en/players/c391a179/Michael-Folorunsho,michael-folorunsho,c391a179,Cagliari,Serie A
Devyne Rensch,https://fbref.com/en/players/c5cbbcff/Devyne-Rensch,devyne-rensch,c5cbbcff,Roma,Serie A
Rafa Marín,,rafa-marin,,Napoli,Serie A
Juan David Cabal,https://fbref.com/en/players/ef6eef89/Juan-David-Cabal,juan-david-cabal,ef6eef89,Juventus,Serie A
Jonathan Ikone,https://fbref.com/en/players/42eaa028/Jonathan-Ikone,jonathan-ikone,42eaa028,Fiorentina,Serie A
Nikola Krstović,,nikola-krstovic,,Atalanta,Serie A
Suat Serdar,https://fbref.com/en/players/b3325a30/Suat-Serdar,suat-serdar,b3325a30,Hellas Verona,Serie A
Pablo Marí,https://fbref.com/en/players/aa54ec6f/Pablo-Mari,pablo-mari,aa54ec6f,Fiorentina,Serie A
Toma Bašić,https://fbref.com/en/players/80556f08/Toma-Basic,toma-basic,80556f08,Lazio,Serie A
Victor Nelsson,https://fbref.com/en/players/e53b5534/Victor-Nelsson,victor-nelsson,e53b5534,Hellas Verona,Serie A
Daniel Maldini,https://fbref.com/en/players/801831fe/Daniel-Maldini,daniel-maldini,801831fe,Atalanta,Serie A
Roberto Piccoli,https://fbref.com/en/players/1cadaf34/Roberto-Piccoli,roberto-piccoli,1cadaf34,Cagliari,Serie A
Tommaso Baldanzi,https://fbref.com/en/players/102e2599/Tommaso-Baldanzi,tommaso-baldanzi,102e2599,Roma,Serie A
Valentino Lazaro,https://fbref.com/en/players/016ff750/Valentino-Lazaro,valentino-lazaro,016ff750,Torino,Serie A
Dodô,https://fbref.com/en/players/b5f7d10b/Dodo,dodo,b5f7d10b,Fiorentina,Serie A
Gustav Isaksen,,gustav-isaksen,,Lazio,Serie A
El Bilal Touré,https://fbref.com/en/players/47c609d5/El-Bilal-Toure,el-bilal-toure,47c609d5,Atalanta,Serie A
Lazar Samardzic,https://fbref.com/en/players/217c93a1/Lazar-Samardzic,lazar-samardzic,217c93a1,Atalanta,Serie A
Warren Bondo,https://fbref.com/en/players/0def2376/Warren-Bondo,warren-bondo,0def2376,Cremonese,Serie A
Yerry Mina,https://fbref.com/en/players/6d5701f2/Yerry-Mina,yerry-mina,6d5701f2,Cagliari,Serie A
Yann Aurel Bisseck,https://fbref.com/en/players/3963c25b/Yann-Aurel-Bisseck,yann-aurel-bisseck,3963c25b,Inter,Serie A
Dennis Man,https://fbref.com/en/players/2079b3cc/Dennis-Man,dennis-man,2079b3cc,Parma,Serie A
Nicolás Valentini,https://fbref.com/en/players/a43e4f9c/Nicolas-Valentini,nicolas-valentini,a43e4f9c,Hellas Verona,Serie A
Kevin Bonifazi,https://fbref.com/en/players/fb77bfef/Kevin-Bonifazi,kevin-bonifazi,fb77bfef,Bologna,Serie A
Remo Freuler,https://fbref.com/en/players/98d2c2c4/Remo-Freuler,remo-freuler,98d2c2c4,Bologna,Serie A
Tommaso Pobega,https://fbref.com/en/players/55a1cac2/Tommaso-Pobega,tommaso-pobega,55a1cac2,Bologna,Serie A
Alberto Dossena,https://fbref.com/en/players/61efb926/Alberto-Dossena,alberto-dossena,61efb926,Como,Serie A
Máximo Perrone,,maximo-perrone,,Como,Serie A
Pietro Comuzzo,,pietro-comuzzo,,Fiorentina,Serie A
Loum Tchaouna,https://fbref.com/en/players/a3c8b4d3/Loum-Tchaouna,loum-tchaouna,a3c8b4d3,Lazio,Serie A
Marco Brescianini,https://fbref.com/en/players/dfd56738/Marco-Brescianini,marco-brescianini,dfd56738,Atalanta,Serie A
Marten de Roon,https://fbref.com/en/players/2a1beb34/Marten-de-Roon,marten-de-roon,2a1beb34,Atalanta,Serie A
Odilon Kossounou,https://fbref.com/en/players/1f3afdcb/Odilon-Kossounou,odilon-kossounou,1f3afdcb,Atalanta,Serie A
Federico Bonazzoli,https://fbref.com/en/players/bf57eaab/Federico-Bonazzoli,federico-bonazzoli,bf57eaab,Cremonese,Serie A
Sebastiano Luperto,https://fbref.com/en/players/997fff07/Sebastiano-Luperto,sebastiano-luperto,997fff07,Cagliari,Serie A
Daniele Ghilardi,,daniele-ghilardi,,Roma,Serie A
Edoardo Bove,https://fbref.com/en/players/ae94a6c5/Edoardo-Bove,edoardo-bove,ae94a6c5,Roma,Serie A
Juan Jesus,https://fbref.com/en/players/79083382/Juan-Jesus,juan-jesus,79083382,Napoli,Serie A
Luca Marianucci,,luca-marianucci,,Napoli,Serie A
Pasquale Mazzocchi,https://fbref.com/en/players/eb0ec070/Pasquale-Mazzocchi,pasquale-mazzocchi,eb0ec070,Napoli,Serie A
Francesco Pio Esposito,,francesco-pio-esposito,,Inter,Serie A
Zachary Athekame,,zachary-athekame,,Milan,Serie A
Fabio Miretti,https://fbref.com/en/players/34693494/Fabio-Miretti,fabio-miretti,34693494,Juventus,Serie A
Perr Schuurs,https://fbref.com/en/players/e613313c/Perr-Schuurs,perr-schuurs,e613313c,Torino,Serie A
Christian Kabasele,https://fbref.com/en/players/914ab9a1/Christian-Kabasele,christian-kabasele,914ab9a1,Udinese,Serie A
Saúl Coco,https://fbref.com/en/players/d0ee1652/Saul-Coco,saul-coco,d0ee1652,Torino,Serie A
Łukasz Skorupski,https://fbref.com/en/players/ab4449d6/Lukasz-Skorupski,ukasz-skorupski,ab4449d6,Bologna,Serie A
Stefano Moreo,https://fbref.com/en/players/7c52943c/Stefano-Moreo,stefano-moreo,7c52943c,Pisa,Serie A
Mattéo Guendouzi,https://fbref.com/en/players/5ea8ef20/Matteo-Guendouzi,matteo-guendouzi,5ea8ef20,Lazio,Serie A
Reda Belahyane,,reda-belahyane,,Lazio,Serie A
Davide Zappacosta,https://fbref.com/en/players/7fe90ccd/Davide-Zappacosta,davide-zappacosta,7fe90ccd,Atalanta,Serie A
Isak Hien,,isak-hien,,Atalanta,Serie A
Emil Audero,https://fbref.com/en/players/649b01d8/Emil-Audero,emil-audero,649b01d8,Cremonese,Serie A
Enrico Del Prato,https://fbref.com/en/players/4c6f9258/Enrico-Del-Prato,enrico-del-prato,4c6f9258,Parma,Serie A
Cyril Ngonge,https://fbref.com/en/players/2b8360f1/Cyril-Ngonge,cyril-ngonge,2b8360f1,Torino,Serie A
Ivan Ilić,https://fbref.com/en/players/bb376bed/Ivan-Ilic,ivan-ilic,bb376bed,Torino,Serie A
Martín Payero,https://fbref.com/en/players/bdbff2b5/Martin-Payero,martin-payero,bdbff2b5,Cremonese,Serie A
Jens Cajuste,https://fbref.com/en/players/928a4a61/Jens-Cajuste,jens-cajuste,928a4a61,Napoli,Serie A
Josh Doig,https://fbref.com/en/players/2f69d881/Josh-Doig,josh-doig,2f69d881,Sassuolo,Serie A
Gvidas Gineitis,,gvidas-gineitis,,Torino,Serie A
Anastasios Douvikas,https://fbref.com/en/players/853ca71c/Anastasios-Douvikas,anastasios-douvikas,853ca71c,Como,Serie A
Matteo Cancellieri,https://fbref.com/en/players/b6a1cdf9/Matteo-Cancellieri,matteo-cancellieri,b6a1cdf9,Lazio,Serie A
Berat Djimsiti,https://fbref.com/en/players/6eee05f1/Berat-Djimsiti,berat-djimsiti,6eee05f1,Atalanta,Serie A
Pierluigi Gollini,https://fbref.com/en/players/f0f7f62f/Pierluigi-Gollini,pierluigi-gollini,f0f7f62f,Roma,Serie A
Filippo Terracciano,,filippo-terracciano,,Milan,Serie A
Pietro Terracciano,https://fbref.com/en/players/e1b0a70d/Pietro-Terracciano,pietro-terracciano,e1b0a70d,Milan,Serie A
Francesco Camarda,,francesco-camarda,,Lecce,Serie A
Elia Caprile,https://fbref.com/en/players/97d7afbd/Elia-Caprile,elia-caprile,97d7afbd,Cagliari,Serie A
Lautaro Gianetti,https://fbref.com/en/players/e08ac719/Lautaro-Gianetti,lautaro-gianetti,e08ac719,Udinese,Serie A
Mërgim Vojvoda,https://fbref.com/en/players/be2706c0/Mergim-Vojvoda,mergim-vojvoda,be2706c0,Como,Serie A
M'Bala Nzola,https://fbref.com/en/players/a4948e67/MBala-Nzola,mbala-nzola,a4948e67,Fiorentina,Serie A
Mandela Keita,https://fbref.com/en/players/f5692b25/Mandela-Keita,mandela-keita,f5692b25,Parma,Serie A
Jurgen Ekkelenkamp,https://fbref.com/en/players/73d6a176/Jurgen-Ekkelenkamp,jurgen-ekkelenkamp,73d6a176,Udinese,Serie A
Oumar Solet,https://fbref.com/en/players/0670ee51/Oumar-Solet,oumar-solet,0670ee51,Udinese,Serie A
Kevin Lasagna,https://fbref.com/en/players/09538fdb/Kevin-Lasagna,kevin-lasagna,09538fdb,Hellas Verona,Serie A
Marcus Pedersen,https://fbref.com/en/players/596cc50e/Marcus-Pedersen,marcus-pedersen,596cc50e,Torino,Serie A
Alberto Moreno,https://fbref.com/en/players/11b9265b/Alberto-Moreno,alberto-moreno,11b9265b,Como,Serie A
Mattia Bani,https://fbref.com/en/players/0821331c/Mattia-Bani,mattia-bani,0821331c,Genoa,Serie A
Leonardo Pavoletti,https://fbref.com/en/players/d37b0350/Leonardo-Pavoletti,leonardo-pavoletti,d37b0350,Cagliari,Serie A
Cristian Volpato,https://fbref.com/en/players/72f87f25/Cristian-Volpato,cristian-volpato,72f87f25,Sassuolo,Serie A
Frederic Guilbert,https://fbref.com/en/players/5d8d7454/Frederic-Guilbert,frederic-guilbert,5d8d7454,Lecce,Serie A
Adam Masina,https://fbref.com/en/players/de0f152c/Adam-Masina,adam-masina,de0f152c,Torino,Serie A
Adrien Tameze,https://fbref.com/en/players/8da74c05/Adrien-Tameze,adrien-tameze,8da74c05,Torino,Serie A
Lewis Ferguson,https://fbref.com/en/players/ee64a822/Lewis-Ferguson,lewis-ferguson,ee64a822,Bologna,Serie A
Aarón Martín,https://fbref.com/en/players/2f3e911a/Aaron-Martin,aaron-martin,2f3e911a,Genoa,Serie A
Ruslan Malinovskyi,https://fbref.com/en/players/48d5bd33/Ruslan-Malinovskyi,ruslan-malinovskyi,48d5bd33,Genoa,Serie A
Mario Gila,,mario-gila,,Lazio,Serie A
Răzvan Marin,https://fbref.com/en/players/7fac99d4/Razvan-Marin,razvan-marin,7fac99d4,Cagliari,Serie A
Alexis Saelemaekers,https://fbref.com/en/players/ee251371/Alexis-Saelemaekers,alexis-saelemaekers,ee251371,Milan,Serie A
Agustín Álvarez,https://fbref.com/en/players/ab472696/Agustin-Alvarez,agustin-alvarez,ab472696,Sassuolo,Serie A
Nikola Moro,https://fbref.com/en/players/ff579c7e/Nikola-Moro,nikola-moro,ff579c7e,Bologna,Serie A
Mehdi Léris,https://fbref.com/en/players/7d3cbc67/Mehdi-Leris,mehdi-leris,7d3cbc67,Pisa,Serie A
Nicholas Pierini,https://fbref.com/en/players/7cc89a5f/Nicholas-Pierini,nicholas-pierini,7cc89a5f,Sassuolo,Serie A
Hassane Kamara,https://fbref.com/en/players/19a12bed/Hassane-Kamara,hassane-kamara,19a12bed,Udinese,Serie A
Armand Lauriente,https://fbref.com/en/players/2d22cea7/Armand-Lauriente,armand-lauriente,2d22cea7,Sassuolo,Serie A
Jesper Karlström,,jesper-karlstrom,,Udinese,Serie A
Sebastian Walukiewicz,https://fbref.com/en/players/217875a4/Sebastian-Walukiewicz,sebastian-walukiewicz,217875a4,Torino,Serie A
Jens Odgaard,https://fbref.com/en/players/75374ee7/Jens-Odgaard,jens-odgaard,75374ee7,Bologna,Serie A
Nicolò Cambiaghi,https://fbref.com/en/players/91ff775f/Nicolo-Cambiaghi,nicolo-cambiaghi,91ff775f,Bologna,Serie A
Marc-Oliver Kempf,https://fbref.com/en/players/815c314f/Marc-Oliver-Kempf,marc-oliver-kempf,815c314f,Como,Serie A
Cher Ndour,,cher-ndour,,Fiorentina,Serie A
Riccardo Sottil,https://fbref.com/en/players/94816803/Riccardo-Sottil,riccardo-sottil,94816803,Fiorentina,Serie A
Adrian Šemper,https://fbref.com/en/players/f02dde20/Adrian-Semper,adrian-semper,f02dde20,Pisa,Serie A
Albert Grønbæk,,albert-grnbk,,Genoa,Serie A
Mikael Ellertsson,https://fbref.com/en/players/c55967eb/Mikael-Ellertsson,mikael-ellertsson,c55967eb,Genoa,Serie A
Paulo Azzi,https://fbref.com/en/players/967ac202/Paulo-Azzi,paulo-azzi,967ac202,Cremonese,Serie A
Gabriele Zappa,https://fbref.com/en/players/ca3db240/Gabriele-Zappa,gabriele-zappa,ca3db240,Cagliari,Serie A
Zito Luvumbo,,zito-luvumbo,,Cagliari,Serie A
Tomás Palacios,,tomas-palacios,,Inter,Serie A
Álex Jiménez,,alex-jimenez,,Milan,Serie A
Daniel Boloca,https://fbref.com/en/players/85f7ed25/Daniel-Boloca,daniel-boloca,85f7ed25,Sassuolo,Serie A
Nahuel Estévez,https://fbref.com/en/players/cec60a2f/Nahuel-Estevez,nahuel-estevez,cec60a2f,Parma,Serie A
Pontus Almqvist,https://fbref.com/en/players/0917188a/Pontus-Almqvist,pontus-almqvist,0917188a,Parma,Serie A
Federico Baschirotto,https://fbref.com/en/players/5a08ee41/Federico-Baschirotto,federico-baschirotto,5a08ee41,Lecce,Serie A
Wladimiro Falcone,https://fbref.com/en/players/9f5a610b/Wladimiro-Falcone,wladimiro-falcone,9f5a610b,Lecce,Serie A
Youssef Maleh,https://fbref.com/en/players/4c8845f7/Youssef-Maleh,youssef-maleh,4c8845f7,Lecce,Serie A
Morten Thorsby,https://fbref.com/en/players/d1b49282/Morten-Thorsby,morten-thorsby,d1b49282,Genoa,Serie A
Enzo Ebosse,https://fbref.com/en/players/9ba7b4fa/Enzo-Ebosse,enzo-ebosse,9ba7b4fa,Udinese,Serie A
Emil Holm,https://fbref.com/en/players/c2357b65/Emil-Holm,emil-holm,c2357b65,Bologna,Serie A
Jesper Karlsson,https://fbref.com/en/players/7952d0c2/Jesper-Karlsson,jesper-karlsson,7952d0c2,Bologna,Serie A
Michel Aebischer,https://fbref.com/en/players/f9c927de/Michel-Aebischer,michel-aebischer,f9c927de,Bologna,Serie A
Johan Vásquez,https://fbref.com/en/players/5eaed77a/Johan-Vasquez,johan-vasquez,5eaed77a,Genoa,Serie A
Morten Frendrup,https://fbref.com/en/players/f4d60499/Morten-Frendrup,morten-frendrup,f4d60499,Genoa,Serie A
Christos Mandas,,christos-mandas,,Lazio,Serie A
Yacine Adli,https://fbref.com/en/players/26777636/Yacine-Adli,yacine-adli,26777636,Milan,Serie A
Adrian Bernabe,https://fbref.com/en/players/548672b4/Adrian-Bernabe,adrian-bernabe,548672b4,Parma,Serie A
Milan Đurić,https://fbref.com/en/players/405f6586/Milan-Djuric,milan-uric,405f6586,Parma,Serie A
Alberto Cerri,https://fbref.com/en/players/1079c685/Alberto-Cerri,alberto-cerri,1079c685,Como,Serie A
Federico Ceccherini,https://fbref.com/en/players/d9624b51/Federico-Ceccherini,federico-ceccherini,d9624b51,Cremonese,Serie A
Stefan Posch,https://fbref.com/en/players/7f609bfc/Stefan-Posch,stefan-posch,7f609bfc,Bologna,Serie A
Emil Bohinen,https://fbref.com/en/players/c83c203f/Emil-Bohinen,emil-bohinen,c83c203f,Genoa,Serie A
Nik Prelec,https://fbref.com/en/players/3fecdc45/Nik-Prelec,nik-prelec,3fecdc45,Cagliari,Serie A
Jhon Lucumí,https://fbref.com/en/players/80490d7f/Jhon-Lucumi,jhon-lucumi,80490d7f,Bologna,Serie A
Antonino Gallo,https://fbref.com/en/players/c74d63ac/Antonino-Gallo,antonino-gallo,c74d63ac,Lecce,Serie A
Antoine Makoumbou,,antoine-makoumbou,,Cagliari,Serie A
Vakoun Issouf Bayo,https://fbref.com/en/players/132f161f/Vakoun-Issouf-Bayo,vakoun-issouf-bayo,132f161f,Udinese,Serie A
Charalampos Lykogiannis,https://fbref.com/en/players/5efc5389/Charalampos-Lykogiannis,charalampos-lykogiannis,5efc5389,Bologna,Serie A
Martin Erlic,https://fbref.com/en/players/0fee6bda/Martin-Erlic,martin-erlic,0fee6bda,Bologna,Serie A
Santiago Castro,,santiago-castro,,Bologna,Serie A
Assane Diao,,assane-diao,,Como,Serie A
Edoardo Goldaniga,https://fbref.com/en/players/4b029b31/Edoardo-Goldaniga,edoardo-goldaniga,4b029b31,Como,Serie A
Jean Butez,https://fbref.com/en/players/7f40333d/Jean-Butez,jean-butez,7f40333d,Como,Serie A
Nico Paz,,nico-paz,,Como,Serie A
Yannik Engelhardt,,yannik-engelhardt,,Como,Serie A
Tommaso Martinelli,,tommaso-martinelli,,Fiorentina,Serie A
Nicholas Bonfanti,https://fbref.com/en/players/d3e93b43/Nicholas-Bonfanti,nicholas-bonfanti,d3e93b43,Pisa,Serie A
Alessandro Vogliacco,https://fbref.com/en/players/6841f107/Alessandro-Vogliacco,alessandro-vogliacco,6841f107,Genoa,Serie A
Brooke Norton-Cuffy,https://fbref.com/en/players/54f5b2bd/Brooke-Norton-Cuffy,brooke-norton-cuffy,54f5b2bd,Genoa,Serie A
Junior Messias,https://fbref.com/en/players/f49c4ae9/Junior-Messias,junior-messias,f49c4ae9,Genoa,Serie A
Lorenzo Colombo,https://fbref.com/en/players/04df29a5/Lorenzo-Colombo,lorenzo-colombo,04df29a5,Genoa,Serie A
Mattia Aramu,https://fbref.com/en/players/0847b5a5/Mattia-Aramu,mattia-aramu,0847b5a5,Genoa,Serie A
Oliver Provstgaard,,oliver-provstgaard,,Lazio,Serie A
Ibrahim Sulemana,,ibrahim-sulemana,,Atalanta,Serie A
Dennis Johnsen,https://fbref.com/en/players/66784dee/Dennis-Johnsen,dennis-johnsen,66784dee,Cremonese,Serie A
Adam Obert,https://fbref.com/en/players/aa25ce92/Adam-Obert,adam-obert,aa25ce92,Cagliari,Serie A
Gianluca Gaetano,https://fbref.com/en/players/3b387cc7/Gianluca-Gaetano,gianluca-gaetano,3b387cc7,Cagliari,Serie A
Anass Salah-Eddine,,anass-salah-eddine,,Roma,Serie A
Marco Sportiello,https://fbref.com/en/players/ac4003af/Marco-Sportiello,marco-sportiello,ac4003af,Milan,Serie A
Alessandro Circati,,alessandro-circati,,Parma,Serie A
Emanuele Valeri,https://fbref.com/en/players/ec52b661/Emanuele-Valeri,emanuele-valeri,ec52b661,Parma,Serie A
Jacob Ondrejka,,jacob-ondrejka,,Parma,Serie A
Zion Suzuki,,zion-suzuki,,Parma,Serie A
Keinan Davis,https://fbref.com/en/players/9deaf2c8/Keinan-Davis,keinan-davis,9deaf2c8,Udinese,Serie A
Kingsley Ehizibue,https://fbref.com/en/players/76b2817e/Kingsley-Ehizibue,kingsley-ehizibue,76b2817e,Udinese,Serie A
Maduka Okoye,https://fbref.com/en/players/ab5c36dd/Maduka-Okoye,maduka-okoye,ab5c36dd,Udinese,Serie A
Sandi Lovrić,https://fbref.com/en/players/966eea58/Sandi-Lovric,sandi-lovric,966eea58,Udinese,Serie A
Güven Yalçın,https://fbref.com/en/players/7f5a2470/Guven-Yalcin,guven-yalcn,7f5a2470,Genoa,Serie A
Boris Radunović,https://fbref.com/en/players/0dfce079/Boris-Radunovic,boris-radunovic,0dfce079,Cagliari,Serie A
Stefano Turati,https://fbref.com/en/players/bf168004/Stefano-Turati,stefano-turati,bf168004,Sassuolo,Serie A
Oliver Abildgaard,https://fbref.com/en/players/8f5cdf66/Oliver-Abildgaard,oliver-abildgaard,8f5cdf66,Como,Serie A
Ebrima Darboe,https://fbref.com/en/players/cf043a33/Ebrima-Darboe,ebrima-darboe,cf043a33,Roma,Serie A
Alieu Fadera,https://fbref.com/en/players/53210e42/Alieu-Fadera,alieu-fadera,53210e42,Sassuolo,Serie A
Edoardo Iannoni,https://fbref.com/en/players/59f33d97/Edoardo-Iannoni,edoardo-iannoni,59f33d97,Sassuolo,Serie A
Samuele Mulattieri,https://fbref.com/en/players/30297946/Samuele-Mulattieri,samuele-mulattieri,30297946,Sassuolo,Serie A
Alessandro Gabrielloni,https://fbref.com/en/players/181cb492/Alessandro-Gabrielloni,alessandro-gabrielloni,181cb492,Como,Serie A
Abdou Harroui,https://fbref.com/en/players/65fd099c/Abdou-Harroui,abdou-harroui,65fd099c,Hellas Verona,Serie A
Lucas Da Cunha,https://fbref.com/en/players/007faf7a/Lucas-Da-Cunha,lucas-da-cunha,007faf7a,Como,Serie A
Caleb Ekuban,https://fbref.com/en/players/7afbd2c3/Caleb-Ekuban,caleb-ekuban,7afbd2c3,Genoa,Serie A
Charles Pickel,https://fbref.com/en/players/f71ad8cb/Charles-Pickel,charles-pickel,f71ad8cb,Cremonese,Serie A
David Okereke,https://fbref.com/en/players/d125f22f/David-Okereke,david-okereke,d125f22f,Cremonese,Serie A
Facundo González,,facundo-gonzalez,,Juventus,Serie A
Kristian Thorstvedt,https://fbref.com/en/players/76ff8d0d/Kristian-Thorstvedt,kristian-thorstvedt,76ff8d0d,Sassuolo,Serie A
Adrian Benedyczak,https://fbref.com/en/players/3f448184/Adrian-Benedyczak,adrian-benedyczak,3f448184,Parma,Serie A
Lautaro Valenti,https://fbref.com/en/players/55db5c36/Lautaro-Valenti,lautaro-valenti,55db5c36,Parma,Serie A
Lassana Coulibaly,https://fbref.com/en/players/85a44ecc/Lassana-Coulibaly,lassana-coulibaly,85a44ecc,Lecce,Serie A
Damián Pizarro,,damian-pizarro,,Udinese,Serie A
Nicolò Bertola,https://fbref.com/en/players/04b40c58/Nicolo-Bertola,nicolo-bertola,04b40c58,Udinese,Serie A
Rui Modesto,,rui-modesto,,Udinese,Serie A
Antonio Raimondo,,antonio-raimondo,,Bologna,Serie A
Benjamín Domínguez,,benjamin-dominguez,,Bologna,Serie A
Federico Ravaglia,https://fbref.com/en/players/6662d731/Federico-Ravaglia,federico-ravaglia,6662d731,Bologna,Serie A
Giovanni Fabbian,,giovanni-fabbian,,Bologna,Serie A
Matías Moreno,,matias-moreno,,Fiorentina,Serie A
Ebenezer Akinsanmiro,,ebenezer-akinsanmiro,,Pisa,Serie A
Emanuel Vignato,https://fbref.com/en/players/ec5dae45/Emanuel-Vignato,emanuel-vignato,ec5dae45,Pisa,Serie A
Benjamin Siegrist,https://fbref.com/en/players/46912ffe/Benjamin-Siegrist,benjamin-siegrist,46912ffe,Genoa,Serie A
Koni De Winter,,koni-de-winter,,Genoa,Serie A
Cesar Falletti,https://fbref.com/en/players/00823e9a/Cesar-Falletti,cesar-falletti,00823e9a,Cremonese,Serie A
Leonardo Sernicola,https://fbref.com/en/players/dd7febd8/Leonardo-Sernicola,leonardo-sernicola,dd7febd8,Cremonese,Serie A
Matteo Bianchetti,https://fbref.com/en/players/b3a20f18/Matteo-Bianchetti,matteo-bianchetti,b3a20f18,Cremonese,Serie A
Michele Castagnetti,https://fbref.com/en/players/ad92526f/Michele-Castagnetti,michele-castagnetti,ad92526f,Cremonese,Serie A
Alessandro Deiola,https://fbref.com/en/players/7f267d66/Alessandro-Deiola,alessandro-deiola,7f267d66,Cagliari,Serie A
Alessandro Zanoli,https://fbref.com/en/players/3b12b11f/Alessandro-Zanoli,alessandro-zanoli,3b12b11f,Napoli,Serie A
Sebastiano Esposito,https://fbref.com/en/players/7ff93107/Sebastiano-Esposito,sebastiano-esposito,7ff93107,Inter,Serie A
Zinho Vanheusden,https://fbref.com/en/players/afbf187b/Zinho-Vanheusden,zinho-vanheusden,afbf187b,Inter,Serie A
Vasilije Adžić,,vasilije-adzic,,Juventus,Serie A
Filippo Romagna,https://fbref.com/en/players/84594618/Filippo-Romagna,filippo-romagna,84594618,Sassuolo,Serie A
Laurs Skjellerup,,laurs-skjellerup,,Sassuolo,Serie A
Botond Balogh,https://fbref.com/en/players/348bafd4/Botond-Balogh,botond-balogh,348bafd4,Parma,Serie A
Mathias Fjørtoft Løvik,,mathias-fjrtoft-lvik,,Parma,Serie A
Tete Morente,https://fbref.com/en/players/004d185e/Tete-Morente,tete-morente,004d185e,Lecce,Serie A
Janis Antiste,https://fbref.com/en/players/38d9ce53/Janis-Antiste,janis-antiste,38d9ce53,Sassuolo,Serie A
Razvan Sava,https://fbref.com/en/players/41efbd34/Razvan-Sava,razvan-sava,41efbd34,Udinese,Serie A
Mattia Viti,https://fbref.com/en/players/75438a9a/Mattia-Viti,mattia-viti,75438a9a,Fiorentina,Serie A
Alessandro Marcandalli,,alessandro-marcandalli,,Genoa,Serie A
Stefano Sabelli,https://fbref.com/en/players/0ccac09c/Stefano-Sabelli,stefano-sabelli,0ccac09c,Genoa,Serie A
Manuel De Luca,https://fbref.com/en/players/60e3603d/Manuel-De-Luca,manuel-de-luca,60e3603d,Cremonese,Serie A
Marco Nasti,,marco-nasti,,Cremonese,Serie A
Tommaso Barbieri,,tommaso-barbieri,,Cremonese,Serie A
Filip Marchwinski,,filip-marchwinski,,Lecce,Serie A
Gaby Jean,,gaby-jean,,Lecce,Serie A
Marco Bleve,https://fbref.com/en/players/47f2af81/Marco-Bleve,marco-bleve,47f2af81,Lecce,Serie A
Saba Sazonov,https://fbref.com/en/players/645dffbf/Saba-Sazonov,saba-sazonov,645dffbf,Torino,Serie A
Patrick Cutrone,https://fbref.com/en/players/a4fe8cda/Patrick-Cutrone,patrick-cutrone,a4fe8cda,Como,Serie A
Oliver Christensen,https://fbref.com/en/players/af104654/Oliver-Christensen,oliver-christensen,af104654,Fiorentina,Serie A
Luka Lochoshvili,https://fbref.com/en/players/c8ad0857/Luka-Lochoshvili,luka-lochoshvili,c8ad0857,Cremonese,Serie A
Eldor Shomurodov,https://fbref.com/en/players/57469b2d/Eldor-Shomurodov,eldor-shomurodov,57469b2d,Roma,Serie A
Uroš Račić,https://fbref.com/en/players/faed84db/Uros-Racic,uros-racic,faed84db,Sassuolo,Serie A
Simon Sohm,https://fbref.com/en/players/a5f458d9/Simon-Sohm,simon-sohm,a5f458d9,Parma,Serie A
Lameck Banda,,lameck-banda,,Lecce,Serie A
Remi Oudin,https://fbref.com/en/players/ea02beaf/Remi-Oudin,remi-oudin,ea02beaf,Lecce,Serie A
Gabriel Charpentier,https://fbref.com/en/players/c52bea9e/Gabriel-Charpentier,gabriel-charpentier,c52bea9e,Parma,Serie A
Kialonda Gaspar,,kialonda-gaspar,,Lecce,Serie A
Oussama El Azzouzi,https://fbref.com/en/players/85f476cc/Oussama-El-Azzouzi,oussama-el-azzouzi,85f476cc,Bologna,Serie A
Valentin Mihaila,https://fbref.com/en/players/81a4c239/Valentin-Mihaila,valentin-mihaila,81a4c239,Parma,Serie A
Ylber Ramadani,https://fbref.com/en/players/ef3c876b/Ylber-Ramadani,ylber-ramadani,ef3c876b,Lecce,Serie A
Arthur Atta,,arthur-atta,,Udinese,Serie A
Daniel Mosquera,https://fbref.com/en/players/091b9eb8/Daniel-Mosquera,daniel-mosquera,091b9eb8,Hellas Verona,Serie A
Stefan Mitrović,,stefan-mitrovic,,Hellas Verona,Serie A
Alberto Paleari,https://fbref.com/en/players/94a3606c/Alberto-Paleari,alberto-paleari,94a3606c,Torino,Serie A
Ali Dembélé,,ali-dembele,,Torino,Serie A
Alieu Njie,,alieu-njie,,Torino,Serie A
Antonio Donnarumma,https://fbref.com/en/players/a4bd9edd/Antonio-Donnarumma,antonio-donnarumma,a4bd9edd,Torino,Serie A
Brian Bayeye,,brian-bayeye,,Torino,Serie A
Kacper Urbanski,https://fbref.com/en/players/2d9d9e42/Kacper-Urbanski,kacper-urbanski,2d9d9e42,Bologna,Serie A
Álex Valle,,alex-valle,,Como,Serie A
Ivan Smolcic,,ivan-smolcic,,Como,Serie A
Alexander Lind,,alexander-lind,,Pisa,Serie A
Henrik Meister,,henrik-meister,,Pisa,Serie A
Giorgio Scalvini,https://fbref.com/en/players/1e9aa637/Giorgio-Scalvini,giorgio-scalvini,1e9aa637,Atalanta,Serie A
Francesco Folino,,francesco-folino,,Cremonese,Serie A
Frank Tsadjout,https://fbref.com/en/players/0588a092/Frank-Tsadjout,frank-tsadjout,0588a092,Cremonese,Serie A
Luca Zanimacchia,https://fbref.com/en/players/5e834dce/Luca-Zanimacchia,luca-zanimacchia,5e834dce,Cremonese,Serie A
Mattia Valoti,https://fbref.com/en/players/c414df9d/Mattia-Valoti,mattia-valoti,c414df9d,Cremonese,Serie A
Michele Collocolo,https://fbref.com/en/players/b7946402/Michele-Collocolo,michele-collocolo,b7946402,Cremonese,Serie A
Luis Hasa,,luis-hasa,,Napoli,Serie A
Carlo Pinsoglio,https://fbref.com/en/players/f6a06749/Carlo-Pinsoglio,carlo-pinsoglio,f6a06749,Juventus,Serie A
Edoardo Pieragnolo,,edoardo-pieragnolo,,Sassuolo,Serie A
Fabrizio Caligara,https://fbref.com/en/players/22ca11f1/Fabrizio-Caligara,fabrizio-caligara,22ca11f1,Sassuolo,Serie A
Mateo Pellegrino,,mateo-pellegrino,,Parma,Serie A
Christian Früchtl,https://fbref.com/en/players/1940be91/Christian-Fruchtl,christian-fruchtl,1940be91,Lecce,Serie A
Konan N’Dri,,konan-ndri,,Lecce,Serie A
Rareș Burnete,,rares-burnete,,Lecce,Serie A
Santiago Pierotti,https://fbref.com/en/players/ec315772/Santiago-Pierotti,santiago-pierotti,ec315772,Lecce,Serie A
Martin Frese,,martin-frese,,Hellas Verona,Serie A
Jordan Zemura,https://fbref.com/en/players/e8271ad9/Jordan-Zemura,jordan-zemura,e8271ad9,Udinese,Serie A
Tomáš Suslov,https://fbref.com/en/players/83fe71b8/Tomas-Suslov,tomas-suslov,83fe71b8,Hellas Verona,Serie A
Lorenzo Montipò,https://fbref.com/en/players/c1d95617/Lorenzo-Montipo,lorenzo-montipo,c1d95617,Hellas Verona,Serie A
Ruan,https://fbref.com/en/players/a378a02a/Ruan,ruan,a378a02a,Sassuolo,Serie A
David Pejičić,,david-pejicic,,Udinese,Serie A
Gonçalo Esteves,https://fbref.com/en/players/ea3b4578/Goncalo-Esteves,goncalo-esteves,ea3b4578,Udinese,Serie A
Simone Pafundi,,simone-pafundi,,Udinese,Serie A
Dailon Rocha Livramento,,dailon-rocha-livramento,,Hellas Verona,Serie A
Elayis Tavsan,https://fbref.com/en/players/928143e7/Elayis-Tavsan,elayis-tavsan,928143e7,Hellas Verona,Serie A
Simone Perilli,https://fbref.com/en/players/b9e11c1d/Simone-Perilli,simone-perilli,b9e11c1d,Hellas Verona,Serie A
Yayah Kallon,https://fbref.com/en/players/f95f49d2/Yayah-Kallon,yayah-kallon,f95f49d2,Hellas Verona,Serie A
Tommaso Corazza,,tommaso-corazza,,Bologna,Serie A
Ignace Van Der Brempt,https://fbref.com/en/players/2bf50b37/Ignace-Van-Der-Brempt,ignace-van-der-brempt,2bf50b37,Como,Serie A
Iván Azón,,ivan-azon,,Como,Serie A
Matthias Braunöder,https://fbref.com/en/players/bce728e1/Matthias-Braunoder,matthias-braunoder,bce728e1,Como,Serie A
Christian Sussi,https://fbref.com/en/players/6e9f40b7/Christian-Sussi,christian-sussi,6e9f40b7,Pisa,Serie A
Nicola Leali,https://fbref.com/en/players/5f9970a0/Nicola-Leali,nicola-leali,5f9970a0,Genoa,Serie A
Tommaso Milanese,https://fbref.com/en/players/b2561711/Tommaso-Milanese,tommaso-milanese,b2561711,Cremonese,Serie A
Mattia Felici,https://fbref.com/en/players/38aa2612/Mattia-Felici,mattia-felici,38aa2612,Cagliari,Serie A
Stefano Gori,https://fbref.com/en/players/d6daf00a/Stefano-Gori,stefano-gori,d6daf00a,Juventus,Serie A
Andrea Ghion,https://fbref.com/en/players/7f24b3eb/Andrea-Ghion,andrea-ghion,7f24b3eb,Sassuolo,Serie A
Cas Odenthal,https://fbref.com/en/players/e14e10b1/Cas-Odenthal,cas-odenthal,e14e10b1,Sassuolo,Serie A
Tarik Muharemovic,,tarik-muharemovic,,Sassuolo,Serie A
Yeferson Paz,,yeferson-paz,,Sassuolo,Serie A
Rachid Kouda,,rachid-kouda,,Parma,Serie A
Danilo Veiga,,danilo-veiga,,Lecce,Serie A
Oier Zarraga,https://fbref.com/en/players/968a1c2f/Oier-Zarraga,oier-zarraga,968a1c2f,Udinese,Serie A
Arturo Calabresi,https://fbref.com/en/players/34bb6fbd/Arturo-Calabresi,arturo-calabresi,34bb6fbd,Pisa,Serie A
Matteo Prati,,matteo-prati,,Cagliari,Serie A
Hamza Rafia,https://fbref.com/en/players/6b587d3d/Hamza-Rafia,hamza-rafia,6b587d3d,Lecce,Serie A
Dimitrije Kamenović,https://fbref.com/en/players/d3e0c826/Dimitrije-Kamenovic,dimitrije-kamenovic,d3e0c826,Lazio,Serie A
Simone Scuffet,https://fbref.com/en/players/41bd99ea/Simone-Scuffet,simone-scuffet,41bd99ea,Cagliari,Serie A
Daniele Padelli,https://fbref.com/en/players/cf1c23d8/Daniele-Padelli,daniele-padelli,cf1c23d8,Udinese,Serie A
Juan Cruz,https://fbref.com/en/players/72f5b81f/Juan-Cruz,juan-cruz,72f5b81f,Hellas Verona,Serie A
Tobias Slotsager,,tobias-slotsager,,Hellas Verona,Serie A
Lorenzo De Silvestri,https://fbref.com/en/players/e74f0e59/Lorenzo-De-Silvestri,lorenzo-de-silvestri,e74f0e59,Bologna,Serie A
Peter Kovacik,,peter-kovacik,,Como,Serie A
Lorenzo Amatucci,,lorenzo-amatucci,,Fiorentina,Serie A
Mattéo Tramoni,https://fbref.com/en/players/2e0ae188/Matteo-Tramoni,matteo-tramoni,2e0ae188,Pisa,Serie A
Saná Fernandes,,sana-fernandes,,Lazio,Serie A
Lorenzo Moretti,,lorenzo-moretti,,Cremonese,Serie A
Giuseppe Ambrosino,,giuseppe-ambrosino,,Napoli,Serie A
Lorenzo Torriani,,lorenzo-torriani,,Milan,Serie A
Jonas Rouhi,,jonas-rouhi,,Juventus,Serie A
Giacomo Satalino,https://fbref.com/en/players/b1f0b916/Giacomo-Satalino,giacomo-satalino,b1f0b916,Sassuolo,Serie A
Luca D'Andrea,,luca-dandrea,,Sassuolo,Serie A
Daniel Mikolajewski,,daniel-mikolajewski,,Parma,Serie A
Balthazar Pierret,https://fbref.com/en/players/c269463b/Balthazar-Pierret,balthazar-pierret,c269463b,Lecce,Serie A
Medon Berisha,,medon-berisha,,Lecce,Serie A
Emirhan İlkhan,https://fbref.com/en/players/a47c6309/Emirhan-Ilkhan,emirhan-ilkhan,a47c6309,Torino,Serie A
Simone Canestrelli,https://fbref.com/en/players/d8c54a50/Simone-Canestrelli,simone-canestrelli,d8c54a50,Pisa,Serie A
Mathis Lambourde,,mathis-lambourde,,Hellas Verona,Serie A
Edgaras Dubickas,https://fbref.com/en/players/c59f90b0/Edgaras-Dubickas,edgaras-dubickas,c59f90b0,Pisa,Serie A
Patrizio Masini,https://fbref.com/en/players/151354b8/Patrizio-Masini,patrizio-masini,151354b8,Genoa,Serie A
Alessio Zerbin,https://fbref.com/en/players/d19ef4ef/Alessio-Zerbin,alessio-zerbin,d19ef4ef,Cremonese,Serie A
Antonio Vergara,,antonio-vergara,,Napoli,Serie A
Tiago Gabriel,,tiago-gabriel,,Lecce,Serie A
Thomas Kristensen,,thomas-kristensen,,Udinese,Serie A
Jayden Braaf,https://fbref.com/en/players/c609e90e/Jayden-Braaf,jayden-braaf,c609e90e,Hellas Verona,Serie A
Mateusz Praszelik,https://fbref.com/en/players/ec6773f5/Mateusz-Praszelik,mateusz-praszelik,ec6773f5,Hellas Verona,Serie A
Mohamed Kaba,https://fbref.com/en/players/517cfb19/Mohamed-Kaba,mohamed-kaba,517cfb19,Lecce,Serie A
Pablo Rodríguez,https://fbref.com/en/players/1d4e63b6/Pablo-Rodriguez,pablo-rodriguez,1d4e63b6,Lecce,Serie A
Leonardo Loria,https://fbref.com/en/players/f95a178d/Leonardo-Loria,leonardo-loria,f95a178d,Pisa,Serie A
Jeff Ekhator,,jeff-ekhator,,Genoa,Serie A
Christian Corradi,,christian-corradi,,Hellas Verona,Serie A
Iker Bravo,https://fbref.com/en/players/db8c8860/Iker-Bravo,iker-bravo,db8c8860,Udinese,Serie A
Zanos Savva,,zanos-savva,,Torino,Serie A
Niklas Pyyhtiä,,niklas-pyyhtia,,Bologna,Serie A
Ben Lhassine Kone,https://fbref.com/en/players/7452c7a8/Ben-Lhassine-Kone,ben-lhassine-kone,7452c7a8,Como,Serie A
Fellipe Jack,,fellipe-jack,,Como,Serie A
Marco Sala,https://fbref.com/en/players/0c57be8b/Marco-Sala,marco-sala,0c57be8b,Como,Serie A
Tommaso Cassandro,https://fbref.com/en/players/6c4307ee/Tommaso-Cassandro,tommaso-cassandro,6c4307ee,Como,Serie A
Filippo Distefano,,filippo-distefano,,Fiorentina,Serie A
Antonio Caracciolo,https://fbref.com/en/players/99d8fc35/Antonio-Caracciolo,antonio-caracciolo,99d8fc35,Pisa,Serie A
Malthe Højholt,,malthe-hjholt,,Pisa,Serie A
Nícolas Andrade,https://fbref.com/en/players/326d09ef/Nicolas-Andrade,nicolas-andrade,326d09ef,Pisa,Serie A
Samuele Angori,https://fbref.com/en/players/9ee1d39e/Samuele-Angori,samuele-angori,9ee1d39e,Pisa,Serie A
Daniele Sommariva,https://fbref.com/en/players/a8e7f7e9/Daniele-Sommariva,daniele-sommariva,a8e7f7e9,Genoa,Serie A
Sebastian Otoa,,sebastian-otoa,,Genoa,Serie A
Alessandro Di Pardo,https://fbref.com/en/players/e0ce7038/Alessandro-Di-Pardo,alessandro-di-pardo,e0ce7038,Cagliari,Serie A
Buba Sangaré,,buba-sangare,,Roma,Serie A
Luigi Cherubini,,luigi-cherubini,,Roma,Serie A
Walid Cheddira,https://fbref.com/en/players/0545a08e/Walid-Cheddira,walid-cheddira,0545a08e,Napoli,Serie A
Raffaele Di Gennaro,https://fbref.com/en/players/7a4050d5/Raffaele-Di-Gennaro,raffaele-di-gennaro,7a4050d5,Inter,Serie A
Alessandro Russo,https://fbref.com/en/players/3945ac70/Alessandro-Russo,alessandro-russo,3945ac70,Sassuolo,Serie A
Riccardo Ciervo,https://fbref.com/en/players/da77b60b/Riccardo-Ciervo,riccardo-ciervo,da77b60b,Sassuolo,Serie A
Anthony Partipilo,https://fbref.com/en/players/871ec5b7/Anthony-Partipilo,anthony-partipilo,871ec5b7,Parma,Serie A
Edoardo Corvi,,edoardo-corvi,,Parma,Serie A
Elijah Scott,,elijah-scott,,Lecce,Serie A
Daniel Oyegoke,,daniel-oyegoke,,Hellas Verona,Serie A
Giacomo Quagliata,https://fbref.com/en/players/1b9c7401/Giacomo-Quagliata,giacomo-quagliata,1b9c7401,Cremonese,Serie A
Antoine Hainaut,,antoine-hainaut,,Parma,Serie A
Orji Okwonkwo,https://fbref.com/en/players/905a4f61/Orji-Okwonkwo,orji-okwonkwo,905a4f61,Bologna,Serie A
Alessandro Arena,,alessandro-arena,,Pisa,Serie A
Idrissa Touré,https://fbref.com/en/players/6cfd5783/Idrissa-Toure,idrissa-toure,6cfd5783,Pisa,Serie A
Cristo Muñoz,,cristo-munoz,,Lazio,Serie A
Marco Palestra,,marco-palestra,,Atalanta,Serie A
Yuri Rocchetti,,yuri-rocchetti,,Cremonese,Serie A
Alen Sherri,,alen-sherri,,Cagliari,Serie A
Davide Veroli,,davide-veroli,,Cagliari,Serie A
Justin Kumi,,justin-kumi,,Sassuolo,Serie A
Luca Moro,https://fbref.com/en/players/96281a90/Luca-Moro,luca-moro,96281a90,Sassuolo,Serie A
Anas Haj Mohamed,,anas-haj-mohamed,,Parma,Serie A
Matteo Palma,,matteo-palma,,Udinese,Serie A
Junior Ajayi,,junior-ajayi,,Hellas Verona,Serie A
Ali Jasim,,ali-jasim,,Como,Serie A
Alessandro Bianco,https://fbref.com/en/players/d65cf468/Alessandro-Bianco,alessandro-bianco,d65cf468,Fiorentina,Serie A
Costantino Favasuli,,costantino-favasuli,,Fiorentina,Serie A
Adrian Rus,,adrian-rus,,Pisa,Serie A
Tomás Esteves,https://fbref.com/en/players/20ffe5b9/Tomas-Esteves,tomas-esteves,20ffe5b9,Pisa,Serie A
Honest Ahanor,,honest-ahanor,,Genoa,Serie A
Valerio Crespi,,valerio-crespi,,Lazio,Serie A
Francesco Rossi,https://fbref.com/en/players/7b5f516f/Francesco-Rossi,francesco-rossi,7b5f516f,Atalanta,Serie A
Marco Carnesecchi,https://fbref.com/en/players/8ec56e62/Marco-Carnesecchi,marco-carnesecchi,8ec56e62,Atalanta,Serie A
Gianluca Saro,https://fbref.com/en/players/d8e7087b/Gianluca-Saro,gianluca-saro,d8e7087b,Cremonese,Serie A
Nosa Edward Obaretin,,nosa-edward-obaretin,,Napoli,Serie A
Joel Voelkerling Persson,,joel-voelkerling-persson,,Lecce,Serie A
Giuseppe Mazzaglia,,giuseppe-mazzaglia,,Como,Serie A
Mauro Vigorito,https://fbref.com/en/players/582a251c/Mauro-Vigorito,mauro-vigorito,582a251c,Como,Serie A
Naj Razi,,naj-razi,,Como,Serie A
Tommaso Fumagalli,,tommaso-fumagalli,,Como,Serie A
Lorenzo Lucchesi,,lorenzo-lucchesi,,Fiorentina,Serie A
Niccolò Fortini,,niccolo-fortini,,Fiorentina,Serie A
Gabriele Piccinini,https://fbref.com/en/players/92e4465e/Gabriele-Piccinini,gabriele-piccinini,92e4465e,Pisa,Serie A
Filipe Bordon,,filipe-bordon,,Lazio,Serie A
Gabriele Artistico,https://fbref.com/en/players/29812be3/Gabriele-Artistico,gabriele-artistico,29812be3,Lazio,Serie A
Giovanni Bonfanti,,giovanni-bonfanti,,Atalanta,Serie A
Filippo Missori,,filippo-missori,,Sassuolo,Serie A
Flavio Russo,,flavio-russo,,Sassuolo,Serie A
Luca Lipani,,luca-lipani,,Sassuolo,Serie A
Antoine Joujou,,antoine-joujou,,Parma,Serie A
Tjas Begic,,tjas-begic,,Parma,Serie A
Pietro Beruatto,https://fbref.com/en/players/3a0f199a/Pietro-Beruatto,pietro-beruatto,3a0f199a,Pisa,Serie A
Davide Renzetti,,davide-renzetti,,Lazio,Serie A
Fabio Andrea Ruggeri,,fabio-andrea-ruggeri,,Lazio,Serie A
Marco Curto,https://fbref.com/en/players/57f86750/Marco-Curto,marco-curto,57f86750,Como,Serie A
Lisandru Tramoni,https://fbref.com/en/players/a4e9d6eb/Lisandru-Tramoni,lisandru-tramoni,a4e9d6eb,Pisa,Serie A
Alessandro Debenedetti,,alessandro-debenedetti,,Genoa,Serie A
Romano Floriani Mussolini,,romano-floriani-mussolini,,Lazio,Serie A
Dachi Lordkipanidze,,dachi-lordkipanidze,,Cremonese,Serie A
Vernon Addo,,vernon-addo,,Lecce,Serie A
Charlys,,charlys,,Hellas Verona,Serie A
Jasper Samooja,https://fbref.com/en/players/8f3f09e3/Jasper-Samooja,jasper-samooja,8f3f09e3,Lecce,Serie A
Alphadjo Cissè,,alphadjo-cisse,,Hellas Verona,Serie A
Hugo Cuenca,,hugo-cuenca,,Genoa,Serie A
Alessio Furlanetto,https://fbref.com/en/players/95d9f4dd/Alessio-Furlanetto,alessio-furlanetto,95d9f4dd,Lazio,Serie A
Riyad Idrissi,,riyad-idrissi,,Cagliari,Serie A
Mateusz Kowalski,,mateusz-kowalski,,Parma,Serie A
Sebastian Esposito,,sebastian-esposito,,Lecce,Serie A
Edoardo Piana,,edoardo-piana,,Udinese,Serie A
Giuseppe Ciocci,https://fbref.com/en/players/d6416327/Giuseppe-Ciocci,giuseppe-ciocci,d6416327,Cagliari,Serie A
Þórir Jóhann Helgason,https://fbref.com/en/players/dc765618/Thorir-Johann-Helgason,orir-johann-helgason,dc765618,Lecce,Serie A
Marius Marin,https://fbref.com/en/players/a5106847/Marius-Marin,marius-marin,a5106847,Pisa,Serie A
